  Dear Nintendo and Microsoft, we please get together and talk about this? friend, 
  Microsoft confirms Windows 10 Creators Update's version number - 
  Why Sony Playstation did NOT Win E3 | and Why Microsoft Xbox Won E3 2016
  Dear Nintendo and Microsoft, we please get together and talk about this? friend, 
Microsoft and Steelcase Unveil the Office of the Future 
  A plug and play appliance. See how  provides simple management &amp; easy deployment with  AzureStack ,
  How to track down USB devices in Windows 10 with Microsoft's USB Device Viewer 
testblogpost_cmuik 
  vscodetip - set settings per language in  
  too bad youre totally overlooking Stratis or $STRAT . It will be one of the biggest wins this year. Fintech ,
 In exchange offers for smartphones, I don't see microsoft in list. why so ??????? totally disappointed !!!!!!!!!!!!!!!!,
i published this after Microsoft confirm will not accept it (considred as social engineering)
CIA Has Failed To Hack Windows 10
The latest Microsoft System Center Daily! 
  Dear Nintendo and Microsoft, we please get together and talk about this? friend, 
  Google's Android close to overtaking Microsoft's Windows for worldwide internet usage 
Microsoft releases new Windows 10 preview with Creators Update - 
  Microsoft announces availability of Azure Stack TP3. Read about the HPE Azure Stack solution cloud Azure HPE 
  . is using the cloud to help those in need. Read more about our work with nonprofits
  Dear Nintendo and Microsoft, we please get together and talk about this? friend, 
New Node
Microsoft Excel 2016 Master Class
Abuse unresolved for 44 days
  Dear Nintendo and Microsoft, we please get together and talk about this? friend, 
Watch Dogs (Microsoft Xbox 360, 2014) 
  Dear Nintendo and Microsoft, we please get together and talk about this? friend, 
  My WIndows10 app 
NEW NBA 2K17 Xbox 360 Basketball Game (Microsoft Xbox 360, 2016) 
Just completed the Introduction to Skype in the Classroom course at
  Microsoft Hololens and Realities 
  Microsoft revamps Cortana for iPhone in renewed bid to take on &lt;b&gt;Apple&amp;039;s&lt; Siri applenews 
  TIL ILMerge is on GitHub (ht  
  Languages beyond English supported by  Alexa
  Lexis for Microsoft Office helps attorneys draft and review documents from virtually anywhere. Learn more
CIA Has Failed To Hack Windows 10
Microsoft and IBM want to own your blockchain | CIO 
  a HUGE THANKYOU to        &amp; o ,
New Event
(download Visual Studio 2015.2 pro + Serial Key)  is 
This whole year, our teacher miss Joana discussed to us all about microsoft word and etc.She have taught us a lot,thank you.   for Android Vizco,screen_name
Microsoft to launch a Windows phone in 2017, but it not the mythical Surface phone 
boringsecurity news infosec privacy Quick question
  Dear Nintendo and Microsoft, we please get together and talk about this? friend, 
Microsoft
  New White Paper
Intern R&amp;D Software Engineer - Microsoft Outlook Add-In at eFront, Paris - 
New Features in C 
  . Calls For New Independent Organization for Internet CyberSecurity 
New Microsoft Surface Pro 4 Tablet i5 Processor Windows 10pro keyboard 
New Microsoft Surface Pro 4 Tablet i5 Processor Windows 10pro keyboard 
New Microsoft Surface Pro 4 Tablet i5 Processor Windows 10pro keyboard 
New Microsoft Surface Pro 4 Tablet i5 Processor Windows 10pro keyboard 


New on Ebay
  Announcing Azure SQL Database Premium RS, 4TB storage options, and enhanced portal experience 
New Features in C 7 
Microsoft pushes Windows 10 Mobile Insider build 15051 to the Slow ring 
  Microsoft is Working on Smartphones in 2017, Surface Phone Coming 2019 
  Here how quickly Android has caught up to Microsoft Windows in global internet usage 
  Dear Nintendo and Microsoft, we please get together and talk about this? friend, 
The Precision Farming Microsoft Daily 
Evan Kirstel
  Steve Jobs of Apple answers a question while sitting next to Bill Gates of Microsoft at an interview in New York,19 ,
This is an engineer in Microsoft and I will not go to heaven.,
 &amp;  Strengthen  Alliance in Cloud &amp; Digital Transformation;  Joins Avanade  ...,
Microsoft Hits Back Against Google Azure Cloud Outage Claims 
  Dear Nintendo and Microsoft, we please get together and talk about this? friend, 
  Dear Nintendo and Microsoft, we please get together and talk about this? friend, 
  Dear Nintendo and Microsoft, we please get together and talk about this? friend, 
  Bewegungssteuerung Kinect f Windows hilft Demenzpatienten 
  CEO Microsoft dan Google serta Dekan Harvard Business School semua imigran India. India bukan cm Bollywood.,
  Dear Nintendo and Microsoft, we please get together and talk about this? friend, 
  Dear Nintendo and Microsoft, we please get together and talk about this? friend, 
Microsoft updates Cortana app for iPhone   is a News Blog that helps you stay connected to the world around you. Visit htttp
  Dear Nintendo and Microsoft, we please get together and talk about this? friend, 
Good Lord! Microsoft is running Ads right inside File Explorer. Nothing is sacred anymore 
  Dear Nintendo and Microsoft, we please get together and talk about this? friend, 
what makes microsoft out of the list while other minor flagships are eligible ???????????????????? pls review !!!!! 
KURSUS PENTAULIAHAN MICROSOFT OFFICE MASTER SPECIALIST 2013 ANJURAN UNIT STM KKPB - DAY 2,
USED Microsoft Sidewinder X8 Wireless Mouse and Charger RARE 
 Can you please link me to Microsoft student discounts.,
  Dear Nintendo and Microsoft, we please get together and talk about this? friend, 
Microsoft to launch a Windows phone in 2017, but it not the mythical Surface 
CIA Has Failed To Hack Windows 10
Microsoft  Microsoft and Qualcomm join forces on cloud hardware and software 
  Dear Nintendo and Microsoft, we please get together and talk about this? friend, 
CIA Has Failed To Hack Windows 10
  boringsecurity news infosec privacy Quick question
iPad news
 Hi Mary any idea? What DAY is the Microsoft Build 2017 keynote? Sorry not to DM, don think you follow.  thanks - Adrian,
Microsoft Releases Skype Preview App on Xbox One Alpha Ring 
Microsoft Releases Power BI Desktop March Update 
